country,dates,genres,score,title,url,votes
South Korea,2022..,"[""Drama"", ""Mystery"", ""Thriller""]",8.0,The Glory,https://imdb.com/title/tt21344706/,5945
South Korea,2023..,"[""Reality-TV""]",7.8,Physical: 100,https://imdb.com/title/tt25274446/,795
South Korea,2022..,"[""Action"", ""Drama"", ""Fantasy""]",8.8,Alchemy of Souls,https://imdb.com/title/tt20859920/,8480
South Korea,2021..,"[""Action"", ""Drama"", ""Mystery""]",8.0,Squid Game,https://imdb.com/title/tt10919420/,456525
South Korea,2022..,"[""Drama""]",8.7,Extraordinary Attorney Woo,https://imdb.com/title/tt20869502/,15990
South Korea,2022..,"[""Action"", ""Drama"", ""Fantasy""]",7.5,All of Us Are Dead,https://imdb.com/title/tt14169960/,52560
South Korea,2015..,"[""Animation"", ""Action"", ""Adventure""]",7.6,Miraculous: Tales of Ladybug & Cat Noir,https://imdb.com/title/tt2580046/,12218
South Korea,2022..,"[""Drama""]",8.4,Pachinko,https://imdb.com/title/tt8888462/,9173
South Korea,2022..,"[""Action"", ""Adventure"", ""Drama""]",7.1,Island,https://imdb.com/title/tt14166656/,986
South Korea,2019..,"[""Action"", ""Drama"", ""Horror""]",8.3,Kingdom,https://imdb.com/title/tt6611916/,47950
South Korea,2020..,"[""Drama"", ""Fantasy"", ""Horror""]",7.3,Sweet Home,https://imdb.com/title/tt11612120/,23140
South Korea,2021..,"[""Action"", ""Comedy"", ""Crime""]",8.4,Vincenzo,https://imdb.com/title/tt13433812/,20029
South Korea,2005..2014,"[""Animation"", ""Action"", ""Comedy""]",8.5,The Boondocks,https://imdb.com/title/tt0373732/,31941
South Korea,2019..2020,"[""Adventure"", ""Comedy"", ""Romance""]",8.7,Crash Landing on You,https://imdb.com/title/tt10850932/,30970
South Korea,2021..,"[""Crime"", ""Drama"", ""Fantasy""]",6.6,Hellbound,https://imdb.com/title/tt12235718/,25449
South Korea,2022..,"[""Drama"", ""Fantasy"", ""Romance""]",8.1,Reborn Rich,https://imdb.com/title/tt18352538/,2137
South Korea,2021..,"[""Action"", ""Crime"", ""Drama""]",7.8,My Name,https://imdb.com/title/tt12940504/,23406
South Korea,2020..2021,"[""Crime"", ""Drama"", ""Fantasy""]",7.5,Awaken,https://imdb.com/title/tt13273550/,661
South Korea,2020..,"[""Comedy"", ""Drama"", ""Romance""]",8.6,It's Okay to Not Be Okay,https://imdb.com/title/tt12451520/,25759
South Korea,2020..2021,"[""Comedy"", ""Drama"", ""Romance""]",8.0,True Beauty,https://imdb.com/title/tt13274038/,8313
South Korea,2022..,"[""Action"", ""Drama"", ""Mystery""]",7.9,Little Women,https://imdb.com/title/tt21828868/,4327
South Korea,2023..,"[""Romance""]",8.0,Crash Course in Romance,https://imdb.com/title/tt24578016/,143
South Korea,2022..,"[""Action"", ""Crime"", ""Drama""]",7.3,Big Bet,https://imdb.com/title/tt17329616/,246
South Korea,2022..,"[""Comedy"", ""Drama"", ""History""]",7.6,The Forbidden Marriage,https://imdb.com/title/tt24224784/,304
South Korea,2022..,"[""Drama"", ""Romance""]",7.1,The Interest of Love,https://imdb.com/title/tt24224910/,236
South Korea,2022..,"[""Comedy"", ""Drama"", ""Romance""]",8.1,The Office Blind Date,https://imdb.com/title/tt14819828/,13144
South Korea,2016..,"[""Action"", ""Comedy"", ""Drama""]",8.3,Descendants of the Sun,https://imdb.com/title/tt4925000/,17317
South Korea,2020..,"[""Crime"", ""Mystery"", ""Romance""]",8.6,Flower of Evil,https://imdb.com/title/tt11691684/,9374
South Korea,2016..2017,"[""Comedy"", ""Drama"", ""Fantasy""]",8.6,Guardian: The Lonely and Great God,https://imdb.com/title/tt5994364/,22385
South Korea,2022..,"[""Action"", ""Crime"", ""Drama""]",7.9,Big Mouth,https://imdb.com/title/tt21195490/,3567
South Korea,2021..,"[""Comedy"", ""Romance""]",8.4,Hometown Cha-Cha-Cha,https://imdb.com/title/tt14518756/,13828
South Korea,2022..,"[""Drama"", ""Romance""]",8.6,Twenty Five Twenty One,https://imdb.com/title/tt17513352/,8535
South Korea,2021..,"[""Action"", ""Crime"", ""Mystery""]",8.7,Mouse,https://imdb.com/title/tt13634792/,7202
South Korea,2022..,"[""Drama"", ""Mystery"", ""Thriller""]",7.7,Revenge of Others,https://imdb.com/title/tt23032890/,1150
South Korea,2018..,"[""Action"", ""Drama"", ""Romance""]",8.7,Mr. Sunshine,https://imdb.com/title/tt7094780/,8247
South Korea,2022..,"[""Animation"", ""Action"", ""Adventure""]",6.4,Dragon Age: Absolution,https://imdb.com/title/tt21031054/,2563
South Korea,2021..,"[""Adventure"", ""Drama"", ""Mystery""]",6.9,The Silent Sea,https://imdb.com/title/tt11570202/,21746
South Korea,2020..,"[""Drama"", ""Romance""]",8.2,Itaewon Class,https://imdb.com/title/tt11239552/,14841
South Korea,2022..,"[""Action"", ""Crime"", ""Drama""]",5.5,Money Heist: Korea - Joint Economic Area,https://imdb.com/title/tt13696452/,7019
South Korea,2016..,"[""Action"", ""Drama"", ""Fantasy""]",8.6,Moon Lovers: Scarlet Heart Ryeo,https://imdb.com/title/tt5320412/,9337
South Korea,2021..,"[""Action"", ""Fantasy"", ""Horror""]",7.9,Happiness,https://imdb.com/title/tt14979052/,6358
South Korea,2021..,"[""Drama"", ""Romance""]",7.9,The King's Affection,https://imdb.com/title/tt14609428/,3825
South Korea,2022..,"[""Crime"", ""Drama"", ""Thriller""]",5.9,Somebody,https://imdb.com/title/tt22479848/,1179
South Korea,2018..,"[""Animation"", ""Adventure"", ""Comedy""]",7.4,Big City Greens,https://imdb.com/title/tt7165904/,2491
South Korea,2021..,"[""Reality-TV""]",7.2,Single's Inferno,https://imdb.com/title/tt16283666/,2241
South Korea,2020..,"[""Fantasy"", ""Mystery"", ""Romance""]",8.1,The King: Eternal Monarch,https://imdb.com/title/tt11228748/,12458
South Korea,2021..,"[""Crime"", ""Drama"", ""Romance""]",8.2,Snowdrop,https://imdb.com/title/tt13304700/,10467
South Korea,2020..,"[""Action"", ""Fantasy"", ""Horror""]",8.1,The Uncanny Counter,https://imdb.com/title/tt13273826/,7153
South Korea,2019..,"[""Action"", ""Comedy"", ""Drama""]",8.2,Hotel Del Luna,https://imdb.com/title/tt10220588/,10034
South Korea,2017..,"[""Crime"", ""Drama"", ""Mystery""]",8.5,Stranger,https://imdb.com/title/tt6461346/,8762
South Korea,2022..,"[""Drama"", ""Mystery""]",7.7,Trolley,https://imdb.com/title/tt24224842/,105
South Korea,2018..,"[""Comedy"", ""Mystery"", ""Romance""]",8.1,What's Wrong with Secretary Kim,https://imdb.com/title/tt8242904/,13453
South Korea,2015..,"[""Comedy"", ""Drama"", ""Family""]",9.2,Reply 1988,https://imdb.com/title/tt5182866/,8091
South Korea,2020..2021,"[""Crime"", ""Drama"", ""Mystery""]",7.9,The Penthouse: War in Life,https://imdb.com/title/tt13067118/,3067
South Korea,2022..,"[""Action"", ""Comedy"", ""Drama""]",7.9,Tomorrow,https://imdb.com/title/tt18926162/,10175
South Korea,2020..,"[""Comedy"", ""Drama"", ""Romance""]",8.0,Start-Up,https://imdb.com/title/tt12867810/,11304
South Korea,2022..,"[""Comedy"", ""Drama""]",8.5,The Queen's Umbrella,https://imdb.com/title/tt22265394/,1219
South Korea,2020..,"[""Comedy"", ""Drama""]",8.8,Hospital Playlist,https://imdb.com/title/tt11769304/,5869
South Korea,2018..,"[""Drama"", ""Family""]",9.1,My Mister,https://imdb.com/title/tt7923710/,7131
South Korea,2019..,"[""Comedy"", ""Fantasy"", ""Romance""]",7.8,Extraordinary You,https://imdb.com/title/tt10826102/,3660
South Korea,2017..,"[""Comedy"", ""Crime"", ""Drama""]",8.2,Strong Girl Bong-soon,https://imdb.com/title/tt6263222/,13432
South Korea,2019..,"[""Action"", ""Mystery"", ""Thriller""]",8.1,Vagabond,https://imdb.com/title/tt8523042/,9044
South Korea,2003..2010,"[""Animation"", ""Action"", ""Adventure""]",7.8,Teenage Mutant Ninja Turtles,https://imdb.com/title/tt0318913/,11059
South Korea,2021..,"[""Drama"", ""Romance""]",8.2,Our Beloved Summer,https://imdb.com/title/tt15026724/,6778
South Korea,2021..,"[""Drama"", ""Romance""]",7.2,Nevertheless,https://imdb.com/title/tt14518284/,6160
South Korea,2021..,"[""Action"", ""Crime"", ""Drama""]",8.0,Taxi Driver,https://imdb.com/title/tt13759970/,3247
South Korea,2003..2005,"[""Animation"", ""Action"", ""Adventure""]",7.8,Star Wars: Clone Wars,https://imdb.com/title/tt0361243/,26949
South Korea,2021..,"[""Drama""]",8.5,Move to Heaven,https://imdb.com/title/tt11052470/,6780
South Korea,2020..2021,"[""Comedy"", ""Fantasy"", ""Romance""]",8.7,Mr. Queen,https://imdb.com/title/tt13400006/,5769
South Korea,2019..,"[""Action"", ""Drama"", ""Fantasy""]",8.3,Arthdal Chronicles,https://imdb.com/title/tt8750956/,4759
South Korea,2021..2022,"[""Action"", ""Comedy"", ""Crime""]",8.0,Bad and Crazy,https://imdb.com/title/tt15146202/,2547
South Korea,1984..1987,"[""Animation"", ""Action"", ""Adventure""]",8.0,The Transformers,https://imdb.com/title/tt0086817/,22412
South Korea,2016..,"[""Drama"", ""Romance"", ""Thriller""]",7.8,The K2,https://imdb.com/title/tt5966882/,7177
South Korea,2017..,"[""Comedy"", ""Drama"", ""Fantasy""]",8.3,While You Were Sleeping,https://imdb.com/title/tt6256484/,7825
South Korea,2018..,"[""Drama"", ""Romance""]",8.1,Something in the Rain,https://imdb.com/title/tt8078816/,6914
South Korea,2022..,"[""Comedy"", ""Drama"", ""Romance""]",6.5,The Fabulous,https://imdb.com/title/tt22373732/,852
South Korea,2014..,"[""Action"", ""Comedy"", ""Crime""]",8.5,Healer,https://imdb.com/title/tt4284216/,9000
South Korea,2016..2017,"[""Comedy"", ""Drama"", ""Fantasy""]",8.1,Legend of the Blue Sea,https://imdb.com/title/tt5766194/,9947
South Korea,2022..,"[""Crime"", ""Drama""]",7.9,Juvenile Justice,https://imdb.com/title/tt15553922/,3610
South Korea,2016..,"[""Crime"", ""Drama"", ""Fantasy""]",8.5,Signal,https://imdb.com/title/tt5332206/,7538
South Korea,2020..,"[""Fantasy"", ""Horror"", ""Romance""]",7.9,Tale of the Nine Tailed,https://imdb.com/title/tt12879418/,5440
South Korea,2022..,"[""Animation"", ""Action"", ""Drama""]",7.6,Lookism,https://imdb.com/title/tt22297722/,2492
South Korea,2022..,"[""Action"", ""Biography"", ""Crime""]",7.3,The Accidental Narco,https://imdb.com/title/tt14518692/,4074
South Korea,2022..,"[""Drama""]",8.6,Our Blues,https://imdb.com/title/tt19115260/,2269
South Korea,2009..,"[""Comedy"", ""Drama"", ""Romance""]",7.8,Boys Over Flowers,https://imdb.com/title/tt1370334/,12631
South Korea,2021..,"[""Drama"", ""Mystery"", ""Thriller""]",8.1,Beyond Evil,https://imdb.com/title/tt13634872/,3733
South Korea,2020..,"[""Drama"", ""Fantasy"", ""Mystery""]",7.8,Missing: The Other Side,https://imdb.com/title/tt12867916/,625
South Korea,2017..,"[""Comedy"", ""Drama"", ""Romance""]",8.1,Because This Is My First Life,https://imdb.com/title/tt7278588/,5515
South Korea,2016..,"[""Action"", ""Comedy"", ""Drama""]",8.0,W,https://imdb.com/title/tt5797194/,11335
South Korea,2016..2020,"[""Drama"", ""Romance""]",8.3,Dr. Romantic,https://imdb.com/title/tt6157190/,2807
South Korea,2013..2014,"[""Comedy"", ""Drama"", ""Fantasy""]",8.2,My Love from Another Star,https://imdb.com/title/tt3469052/,13567
South Korea,2021..,"[""Action"", ""Crime"", ""Drama""]",8.2,D.P.,https://imdb.com/title/tt13024974/,6100
South Korea,2020..,"[""Crime"", ""Drama""]",7.6,Extracurricular,https://imdb.com/title/tt10262630/,7424
South Korea,2020..,"[""Drama"", ""Romance""]",8.0,The World of the Married,https://imdb.com/title/tt12042964/,2839
South Korea,2013..2014,"[""Action"", ""Drama"", ""Romance""]",8.4,The Empress Ki,https://imdb.com/title/tt3322566/,2947
South Korea,2022..,"[""Drama""]",7.4,Remarriage & Desires,https://imdb.com/title/tt15268768/,1412
South Korea,2022..,"[""Comedy"", ""Drama"", ""Romance""]",7.0,Love in Contract,https://imdb.com/title/tt22189294/,657
South Korea,2022..,"[""Comedy"", ""Drama"", ""Romance""]",7.6,Shooting Stars,https://imdb.com/title/tt19800324/,1688
South Korea,2017..,"[""Comedy"", ""Romance""]",8.1,Fight for My Way,https://imdb.com/title/tt6824234/,6929
South Korea,2019..,"[""Romance""]",8.0,Romance Is a Bonus Book,https://imdb.com/title/tt9130542/,6055
South Korea,2016..2017,"[""Comedy"", ""Romance""]",8.4,Weightlifting Fairy Kim Bok-Joo,https://imdb.com/title/tt6157148/,9985
South Korea,2019..2021,"[""Comedy"", ""Drama"", ""Romance""]",6.7,Love Alarm,https://imdb.com/title/tt9145880/,6201
South Korea,2022..,"[""Drama"", ""Mystery"", ""Thriller""]",8.0,Blind,https://imdb.com/title/tt21631058/,603
South Korea,2018..2019,"[""Drama"", ""Romance"", ""Sci-Fi""]",7.8,Memories of the Alhambra,https://imdb.com/title/tt8236556/,6046
South Korea,2018..,"[""Animation"", ""Adventure"", ""Comedy""]",7.4,Craig of the Creek,https://imdb.com/title/tt7713450/,2699
South Korea,2022..,"[""Comedy"", ""Drama""]",7.8,One Dollar Lawyer,https://imdb.com/title/tt22248254/,515
South Korea,2001..2014,"[""Animation"", ""Action"", ""Adventure""]",7.1,Totally Spies!,https://imdb.com/title/tt0283226/,11039
South Korea,2017..2018,"[""Comedy"", ""Fantasy"", ""Horror""]",8.0,A Korean Odyssey,https://imdb.com/title/tt7099334/,5139
South Korea,2022..,"[""Comedy"", ""Crime"", ""Drama""]",7.3,Cafe Minamdang,https://imdb.com/title/tt21049186/,1045
South Korea,2020..,"[""Drama"", ""Romance""]",7.5,Run On,https://imdb.com/title/tt13271834/,3853
South Korea,2016..2017,"[""Action"", ""Comedy"", ""Drama""]",8.0,Hwarang: The Poet Warrior Youth,https://imdb.com/title/tt5646594/,4475
South Korea,2023..,"[""Drama""]",8.5,Payback,https://imdb.com/title/tt25403636/,39
South Korea,2018..2019,"[""Drama"", ""Mystery""]",8.6,SKY Castle,https://imdb.com/title/tt9151274/,3385
South Korea,2017..2018,"[""Comedy"", ""Drama""]",8.4,Prison Playbook,https://imdb.com/title/tt7622902/,3777
South Korea,2022..,"[""Crime"", ""Drama"", ""Mystery""]",8.0,Those Who Read the Hearts of Evil,https://imdb.com/title/tt15007172/,886
South Korea,2022..,"[""Drama"", ""Romance""]",8.3,My Liberation Diary,https://imdb.com/title/tt15146130/,2752
South Korea,2021..,"[""Action"", ""Drama"", ""Fantasy""]",7.0,Sijipeuseu: The Myth,https://imdb.com/title/tt13715448/,4225
South Korea,2013..,"[""Comedy"", ""Drama"", ""Romance""]",7.5,Heirs,https://imdb.com/title/tt3243098/,11440
South Korea,2019..,"[""Action"", ""Comedy"", ""Crime""]",8.2,The Fiery Priest,https://imdb.com/title/tt9674954/,1099
South Korea,2022..,"[""Comedy"", ""Mystery"", ""Sci-Fi""]",6.2,Glitch,https://imdb.com/title/tt14735382/,814
South Korea,2020..,"[""Comedy"", ""Drama"", ""Fantasy""]",8.2,18 Again,https://imdb.com/title/tt12846096/,2085
South Korea,2021..,"[""Drama"", ""Fantasy"", ""Romance""]",8.0,Doom at Your Service,https://imdb.com/title/tt13669128/,4387
South Korea,2021..,"[""Comedy"", ""Fantasy"", ""Romance""]",7.7,My Roommate Is a Gumiho,https://imdb.com/title/tt13777028/,3202
South Korea,2019..,"[""Crime"", ""Horror"", ""Mystery""]",7.8,Hell Is Other People,https://imdb.com/title/tt10613844/,5315
South Korea,2020..,"[""Action"", ""Comedy"", ""Romance""]",7.5,Backstreet Rookie,https://imdb.com/title/tt12516712/,3161
South Korea,2021..,"[""Romance"", ""Drama""]",7.5,She Would Never Know,https://imdb.com/title/tt13446244/,1108
South Korea,2017..2018,"[""Drama"", ""Romance""]",8.2,Just Between Lovers,https://imdb.com/title/tt7521898/,2319
South Korea,2022..,"[""Action"", ""Adventure"", ""Drama""]",8.0,The First Responders,https://imdb.com/title/tt23635250/,315
South Korea,2022..,"[""Comedy"", ""Drama"", ""Romance""]",7.0,Once Upon a Small Town,https://imdb.com/title/tt21875462/,906
South Korea,2017..,"[""Comedy"", ""Crime"", ""Drama""]",7.8,Suspicious Partner,https://imdb.com/title/tt6720154/,5515
South Korea,2014..2015,"[""Comedy"", ""Drama"", ""Mystery""]",8.1,Pinocchio,https://imdb.com/title/tt4201628/,7627
South Korea,2020..2022,"[""Action"", ""Drama"", ""Mystery""]",7.5,The Good Detective,https://imdb.com/title/tt12504214/,1041
South Korea,2022..2023,"[""History"", ""Comedy"", ""Romance""]",7.1,"Poong, the Joseon Psychiatrist",https://imdb.com/title/tt21423436/,179
South Korea,2022..,"[""Drama"", ""Romance""]",7.7,Thirty Nine,https://imdb.com/title/tt15181094/,2119
South Korea,2022..,"[""Drama"", ""Romance""]",7.4,Eve,https://imdb.com/title/tt20723826/,842
South Korea,2021..2022,"[""Drama"", ""History"", ""Romance""]",8.6,Red Sleeve,https://imdb.com/title/tt14687200/,2036
South Korea,2018..,"[""Drama"", ""Fantasy"", ""Romance""]",7.6,Beauty Inside,https://imdb.com/title/tt8801708/,2299
South Korea,2018..,"[""Comedy"", ""Romance""]",7.4,My ID Is Gangnam Beauty,https://imdb.com/title/tt8585954/,4653
South Korea,2018..,"[""Action"", ""Comedy"", ""History""]",7.8,100 Days My Prince,https://imdb.com/title/tt8199972/,2524
South Korea,2008..2010,"[""Animation"", ""Short"", ""Adventure""]",7.8,The Marvelous Misadventures of Flapjack,https://imdb.com/title/tt1178180/,14697
South Korea,2021..,"[""Drama"", ""Mystery"", ""Sci-Fi""]",6.7,Dr. Brain,https://imdb.com/title/tt15758760/,2508
South Korea,2022..,"[""Drama"", ""Fantasy"", ""Music""]",7.6,The Sound of Magic,https://imdb.com/title/tt14460684/,3848
South Korea,2019..,"[""Comedy"", ""Romance""]",7.7,Her Private Life,https://imdb.com/title/tt9899340/,4726
South Korea,2019..,"[""Crime"", ""Fantasy"", ""Romance""]",7.1,Abyss,https://imdb.com/title/tt10055734/,2720
South Korea,2021..,"[""Crime"", ""Drama"", ""Mystery""]",8.0,Law School,https://imdb.com/title/tt13885336/,2476
South Korea,2019..,"[""Comedy"", ""Drama"", ""History""]",8.1,Rookie Historian Goo Hae-Ryung,https://imdb.com/title/tt10406128/,2365
South Korea,2022..,"[""Drama""]",7.7,May I Help You,https://imdb.com/title/tt22872644/,371
South Korea,2016..,"[""Comedy"", ""Romance""]",7.4,Cinderella and the Four Knights,https://imdb.com/title/tt5764414/,4344
South Korea,2022..,"[""Animation"", ""Comedy"", ""Sci-Fi""]",8.6,Bee & Puppycat: Lazy in Space,https://imdb.com/title/tt13259622/,371
South Korea,2017..,"[""Comedy"", ""Romance""]",7.1,My Secret Romance,https://imdb.com/title/tt6300100/,3833
South Korea,2022..,"[""Crime"", ""Drama"", ""Thriller""]",6.6,A Model Family,https://imdb.com/title/tt21289712/,1092
South Korea,2022..,"[""Romance""]",8.0,Summer Strike,https://imdb.com/title/tt23788642/,297
South Korea,2018..2019,"[""Comedy"", ""Drama""]",8.2,Eulachacha Waikiki,https://imdb.com/title/tt7890304/,2506
South Korea,2017..,"[""Comedy"", ""Fantasy"", ""Romance""]",6.9,The Bride of Habaek,https://imdb.com/title/tt6385752/,3160
South Korea,2022..,"[""Drama""]",7.5,Anna,https://imdb.com/title/tt21146902/,604
South Korea,2021..,"[""Comedy"", ""Music"", ""Romance""]",7.3,So I Married My Anti-Fan,https://imdb.com/title/tt14518610/,1541
South Korea,2017..2018,"[""Comedy"", ""Romance"", ""Sci-Fi""]",8.0,I'm Not a Robot,https://imdb.com/title/tt7521778/,5884
South Korea,2022..,"[""Comedy"", ""Fantasy"", ""Romance""]",7.3,Kiss Sixth Sense,https://imdb.com/title/tt20235634/,482
South Korea,2022..,"[""Drama"", ""Romance""]",7.1,Meteorological Administration People: Office Romance Cruelty,https://imdb.com/title/tt15140592/,2478
South Korea,2010..2011,"[""Comedy"", ""Drama"", ""Fantasy""]",8.1,Secret Garden,https://imdb.com/title/tt1841321/,6981
South Korea,2021..,"[""Drama"", ""Fantasy"", ""Thriller""]",7.4,Bulgasal,https://imdb.com/title/tt14691616/,2542
South Korea,2020..,"[""Drama"", ""Romance""]",7.2,Record of Youth,https://imdb.com/title/tt12850322/,2720
South Korea,2005..2008,"[""Animation"", ""Adventure"", ""Comedy""]",6.4,Camp Lazlo!,https://imdb.com/title/tt0419315/,10186
South Korea,2019..,"[""Comedy"", ""Romance""]",7.6,Touch Your Heart,https://imdb.com/title/tt9466990/,3777
South Korea,2021..,"[""Crime"", ""Drama"", ""Mystery""]",8.3,The Devil Judge,https://imdb.com/title/tt14169770/,2995
South Korea,2021..,"[""Drama"", ""History"", ""Romance""]",8.4,Youth of May,https://imdb.com/title/tt14166666/,1480
South Korea,2020..,"[""Drama"", ""Romance""]",7.8,When the Weather is Fine,https://imdb.com/title/tt11535086/,1422
South Korea,2019..,"[""Drama"", ""Romance""]",7.9,One Spring Night,https://imdb.com/title/tt10192576/,2954
South Korea,2020..,"[""Animation"", ""Action"", ""Adventure""]",7.7,Tower of God,https://imdb.com/title/tt12057106/,6052
South Korea,2019..,"[""Fantasy"", ""Mystery"", ""Romance""]",7.7,He is Psychometric,https://imdb.com/title/tt9696162/,1844
South Korea,2015..2016,"[""Comedy"", ""Drama"", ""Romance""]",7.8,Oh My Venus,https://imdb.com/title/tt5189944/,5369
South Korea,2022..,"[""Drama"", ""Romance""]",8.1,If You Wish Upon Me,https://imdb.com/title/tt20600078/,856
South Korea,2016..,"[""Comedy"", ""Fantasy"", ""Horror""]",7.6,"Bring It On, Ghost",https://imdb.com/title/tt5768840/,2757
South Korea,2015..,"[""Comedy"", ""Romance""]",7.6,She Was Pretty,https://imdb.com/title/tt5045900/,5280
South Korea,2022..,"[""Drama"", ""Fantasy"", ""Mystery""]",7.6,The Golden Spoon,https://imdb.com/title/tt22248234/,642
South Korea,2022..,"[""Drama"", ""Romance"", ""Sport""]",7.8,Love All Play,https://imdb.com/title/tt19851552/,542
South Korea,2021..,"[""Action"", ""Crime"", ""Drama""]",7.5,The Veil,https://imdb.com/title/tt14482296/,883
South Korea,2015..,"[""Animation"", ""Comedy"", ""Family""]",4.5,Alvinnn!!! And the Chipmunks,https://imdb.com/title/tt3496230/,1466
South Korea,2017..2021,"[""Action"", ""Crime"", ""Mystery""]",7.6,Voice,https://imdb.com/title/tt6212854/,2188
South Korea,2022..,"[""Drama"", ""Mystery"", ""Romance""]",7.6,Why Her,https://imdb.com/title/tt20852668/,824
South Korea,2019..,"[""Action"", ""Drama"", ""History""]",8.2,My Country: The New Age,https://imdb.com/title/tt10850888/,2078
South Korea,2009..2013,"[""Action"", ""Mystery"", ""Romance""]",7.7,Ailiseu,https://imdb.com/title/tt1757202/,2114
South Korea,2017..2019,"[""Mystery"", ""Thriller""]",8.0,Save Me,https://imdb.com/title/tt7020532/,1547
South Korea,2018..,"[""Action"", ""Drama"", ""Thriller""]",7.6,Lawless Lawyer,https://imdb.com/title/tt8160178/,2107
South Korea,2018..2019,"[""Drama"", ""Romance""]",7.6,Encounter,https://imdb.com/title/tt8769260/,1813
South Korea,2007..2011,"[""Animation"", ""Action"", ""Adventure""]",5.6,Bakugan Battle Brawlers,https://imdb.com/title/tt1114855/,2991
South Korea,1996..2016,"[""Comedy"", ""Drama"", ""History""]",7.8,Love in the Moonlight,https://imdb.com/title/tt5575678/,3396
South Korea,2010..,"[""Comedy"", ""Game-Show"", ""Reality-TV""]",9.1,Running Man,https://imdb.com/title/tt2185037/,3277
South Korea,2020..,"[""Animation"", ""Action"", ""Adventure""]",7.3,The God of High School,https://imdb.com/title/tt12227418/,6805
South Korea,2022..,"[""Action""]",0.0,The Worst Evil,https://imdb.com/title/tt20600022/,0
South Korea,2012..,"[""Drama"", ""Fantasy"", ""Romance""]",8.0,Haereul poomeun dal,https://imdb.com/title/tt3143378/,2835
South Korea,2019..,"[""Drama"", ""Romance""]",7.8,Search: WWW,https://imdb.com/title/tt10253244/,1618
South Korea,2014..,"[""Action"", ""Drama"", ""Romance""]",7.5,Doctor Stranger,https://imdb.com/title/tt3693414/,2982
South Korea,2017..,"[""Drama"", ""Fantasy"", ""Romance""]",8.0,Live Up to Your Name,https://imdb.com/title/tt7094874/,1540
South Korea,2022..,"[""Drama"", ""Fantasy""]",7.7,Again My Life,https://imdb.com/title/tt15580450/,1122
South Korea,2017..2019,"[""Comedy"", ""Romance""]",7.0,Clean with Passion for Now,https://imdb.com/title/tt7981562/,1749
South Korea,2018..,"[""Drama"", ""Romance""]",7.1,Where Stars Land,https://imdb.com/title/tt8991740/,1034
South Korea,2022..,"[""Crime"", ""Mystery"", ""Romance""]",7.3,"Link: Eat, Love, Kill",https://imdb.com/title/tt20869584/,884
South Korea,2021..,"[""Drama"", ""Fantasy"", ""Romance""]",7.6,Lovers of the Red Sky,https://imdb.com/title/tt13776460/,1048
South Korea,2019..,"[""Action"", ""Comedy"", ""History""]",7.8,The Tale of Nokdu,https://imdb.com/title/tt10808968/,1427
South Korea,2022..,"[""Comedy"", ""Drama""]",7.0,Cheer Up,https://imdb.com/title/tt22789182/,317
South Korea,2016..2018,"[""Animation"", ""Action"", ""Adventure""]",6.7,Skylanders Academy,https://imdb.com/title/tt5916218/,830
South Korea,2021..,"[""Drama"", ""Romance""]",6.3,"Now, We Are Breaking Up",https://imdb.com/title/tt14408016/,1428
South Korea,2021..,"[""Comedy"", ""Drama"", ""Family""]",6.4,Young Lady and Gentleman,https://imdb.com/title/tt15514606/,347
South Korea,2019..,"[""Drama"", ""Mystery"", ""Thriller""]",7.6,Doctor Prisoner,https://imdb.com/title/tt9863766/,854
South Korea,2015..,"[""Comedy"", ""Drama"", ""Romance""]",8.3,"Kill Me, Heal Me",https://imdb.com/title/tt4339192/,5280
South Korea,2020..,"[""Drama"", ""Music"", ""Romance""]",7.6,Do You Like Brahms?,https://imdb.com/title/tt12867750/,1010
South Korea,2020..,"[""Comedy"", ""Fantasy"", ""Mystery""]",8.0,Mystic Pop-up Bar,https://imdb.com/title/tt12246190/,2341
South Korea,2020..,"[""Comedy"", ""Drama"", ""Fantasy""]",7.9,"Hi Bye, Mama!",https://imdb.com/title/tt11804034/,1801
South Korea,2021..,"[""Crime"", ""Mystery""]",8.2,One Ordinary Day,https://imdb.com/title/tt14170016/,2571
South Korea,2020..,"[""Drama"", ""Fantasy"", ""Mystery""]",7.1,The Cursed,https://imdb.com/title/tt11841276/,549
South Korea,2021..,"[""Drama"", ""Mystery""]",7.7,Mine,https://imdb.com/title/tt14023192/,1392
South Korea,2013..,"[""Drama"", ""Romance""]",8.0,Good Doctor,https://imdb.com/title/tt3184708/,2002
South Korea,2021..,"[""Drama""]",8.8,Navillera,https://imdb.com/title/tt13885302/,2492
South Korea,2022..,"[""Comedy"", ""Drama"", ""Romance""]",7.4,Crazy Love,https://imdb.com/title/tt18550036/,563
South Korea,2019..,"[""Drama""]",7.5,My First First Love,https://imdb.com/title/tt8995604/,2472
South Korea,2020..,"[""Animation"", ""Short"", ""Adventure""]",2.7,Baby Shark's Big Show!,https://imdb.com/title/tt10518284/,674
South Korea,2022..,"[""Comedy"", ""Fantasy"", ""Romance""]",7.9,Ghost Doctor,https://imdb.com/title/tt16493854/,1619
South Korea,2019..2020,"[""Drama"", ""Sport""]",8.3,Stove League,https://imdb.com/title/tt11378124/,1036
South Korea,2017..,"[""Comedy"", ""Drama"", ""Mystery""]",7.4,School 2017,https://imdb.com/title/tt7020608/,1511
South Korea,2007..,"[""Comedy"", ""Drama"", ""Romance""]",8.2,The 1st Shop of Coffee Prince,https://imdb.com/title/tt1772685/,5758
South Korea,2011..2012,"[""Comedy"", ""Music"", ""Romance""]",7.6,Dream High,https://imdb.com/title/tt1996607/,3104
South Korea,2022..,"[""Comedy"", ""Drama""]",6.9,Behind Every Star,https://imdb.com/title/tt23024424/,138
South Korea,2013..2017,"[""Animation"", ""Action"", ""Adventure""]",6.3,Sheriff Callie's Wild West,https://imdb.com/title/tt2769458/,711
South Korea,2022..,"[""Comedy""]",8.0,Gaus Electronics,https://imdb.com/title/tt22873700/,330
South Korea,2016..,"[""Comedy"", ""Drama"", ""Romance""]",7.8,Uncontrollably Fond,https://imdb.com/title/tt5764282/,3225
South Korea,2022..,"[""Comedy"", ""Drama"", ""Romance""]",7.5,The Law Cafe,https://imdb.com/title/tt21827042/,673
South Korea,2022..,"[""Drama"", ""Romance""]",7.5,Rookie Cops,https://imdb.com/title/tt17473062/,742
South Korea,2011..,"[""Action"", ""Romance"", ""Thriller""]",8.1,City Hunter,https://imdb.com/title/tt1982229/,6102
South Korea,2021..,"[""Comedy"", ""Drama"", ""Romance""]",8.2,Yumi's Cells,https://imdb.com/title/tt14596630/,2300
South Korea,2004..,"[""Comedy"", ""Romance""]",7.9,Full House,https://imdb.com/title/tt0464625/,3539
South Korea,2019..,"[""Comedy"", ""Drama"", ""Fantasy""]",7.7,Angel's Last Mission: Love,https://imdb.com/title/tt10160592/,2386
South Korea,2018..,"[""Comedy"", ""Drama"", ""Romance""]",7.9,Are You Human Too?,https://imdb.com/title/tt7817966/,2466
South Korea,2018..,"[""Fantasy"", ""Romance""]",7.7,Familiar Wife,https://imdb.com/title/tt8487786/,1189
South Korea,2017..,"[""Drama"", ""Romance""]",7.3,Strongest Deliveryman,https://imdb.com/title/tt7022748/,781
South Korea,2010..,"[""Comedy"", ""Drama"", ""Romance""]",7.4,Personal Taste,https://imdb.com/title/tt1666217/,4488
South Korea,2018..,"[""Drama"", ""Mystery"", ""Romance""]",7.1,Tempted,https://imdb.com/title/tt7923816/,1924
South Korea,2017..,"[""Crime"", ""Drama"", ""Fantasy""]",8.3,Tunnel,https://imdb.com/title/tt6356086/,3064
South Korea,2017..,"[""Comedy"", ""Drama""]",7.9,Good Manager,https://imdb.com/title/tt6352982/,1166
South Korea,2018..,"[""Drama"", ""Mystery"", ""Romance""]",7.9,The Smile Has Left Your Eyes,https://imdb.com/title/tt8696768/,1380
South Korea,2016..,"[""Drama""]",7.5,Marriage Contract,https://imdb.com/title/tt5525778/,827
South Korea,2017..,"[""Action"", ""Comedy"", ""Drama""]",6.6,Gongjo,https://imdb.com/title/tt5606538/,3802
South Korea,2018..,"[""Comedy"", ""Romance""]",7.9,Still 17,https://imdb.com/title/tt8648696/,2100
South Korea,2019..,"[""Comedy"", ""Drama"", ""Mystery""]",6.8,Melting Me Softly,https://imdb.com/title/tt10656392/,1606
South Korea,2021..2022,"[""Short"", ""Drama"", ""Romance""]",8.1,To My Star,https://imdb.com/title/tt13788764/,1597
South Korea,2021..,"[""Action"", ""Drama"", ""Mystery""]",7.4,Jirisan,https://imdb.com/title/tt13400300/,1092
South Korea,2014..,"[""Drama""]",8.5,Misaeng,https://imdb.com/title/tt4240730/,2171
South Korea,2014..2015,"[""Comedy"", ""Romance""]",7.0,Birth of a Beauty,https://imdb.com/title/tt4269776/,1000
South Korea,2018..2021,"[""Comedy"", ""Reality-TV""]",7.6,Busted!,https://imdb.com/title/tt8328460/,1014
South Korea,2020..2021,"[""Comedy"", ""Romance""]",7.3,A Love So Beautiful,https://imdb.com/title/tt13642264/,1203
South Korea,2016..,"[""Comedy"", ""Romance""]",7.3,Cheese in the Trap,https://imdb.com/title/tt4741110/,4222
South Korea,2019..,"[""Comedy"", ""Drama"", ""Romance""]",7.9,When the Camellia Blooms,https://imdb.com/title/tt10826064/,2690
South Korea,2022..,"[""Game-Show"", ""Reality-TV"", ""Romance""]",7.7,Pink Lie,https://imdb.com/title/tt22491228/,90
South Korea,2022..,"[""Drama"", ""Mystery"", ""Thriller""]",7.1,Adamas,https://imdb.com/title/tt21195588/,560
South Korea,2009..2012,"[""Animation"", ""Action"", ""Adventure""]",5.1,Special Agent Oso,https://imdb.com/title/tt1124354/,674
South Korea,2019..,"[""Comedy"", ""Romance""]",7.3,The Secret Life of My Secretary,https://imdb.com/title/tt10101272/,1170
South Korea,2021..,"[""Comedy"", ""Music"", ""Romance""]",7.4,Imitation,https://imdb.com/title/tt14371376/,767
South Korea,2020..,"[""Comedy"", ""Drama""]",7.7,Birthcare Center,https://imdb.com/title/tt13162516/,197
South Korea,2020..,"[""Fantasy"", ""Mystery"", ""Thriller""]",7.7,Memorist,https://imdb.com/title/tt11953100/,1044
South Korea,2017..2019,"[""Animation"", ""Short"", ""Action""]",6.8,OK K.O.! Let's Be Heroes,https://imdb.com/title/tt6965802/,3172
South Korea,2022..2023,"[""Comedy"", ""Fantasy"", ""Thriller""]",7.1,Unlock My Boss,https://imdb.com/title/tt24082562/,108
South Korea,2018..2019,"[""Crime"", ""Drama"", ""Mystery""]",8.2,Investigation Partners,https://imdb.com/title/tt8243374/,892
South Korea,2017..,"[""Crime"", ""Drama"", ""Mystery""]",8.2,Defendant,https://imdb.com/title/tt6256692/,1642
South Korea,2021..,"[""Comedy"", ""Fantasy"", ""Horror""]",7.6,Sell Your Haunted House,https://imdb.com/title/tt14223310/,1070
South Korea,2013..,"[""Comedy"", ""Drama"", ""Fantasy""]",8.1,I Hear Your Voice,https://imdb.com/title/tt3141190/,4248
South Korea,2022..,"[""Crime"", ""Drama"", ""Mystery""]",6.8,Shadow Detective,https://imdb.com/title/tt23032868/,189
South Korea,2016..2021,"[""Short"", ""Comedy"", ""Drama""]",7.4,Dramaworld,https://imdb.com/title/tt5468694/,1848
South Korea,2017..,"[""Action"", ""Crime"", ""Thriller""]",6.5,Criminal Minds,https://imdb.com/title/tt6568694/,465
South Korea,2021..,"[""Comedy"", ""Drama"", ""Romance""]",8.1,Dali and the Cocky Prince,https://imdb.com/title/tt14730768/,1114
South Korea,2022..,"[""Drama"", ""Romance""]",7.3,Bloody Heart,https://imdb.com/title/tt19887704/,286
South Korea,2016..,"[""Comedy"", ""Drama"", ""Romance""]",7.7,Dakteoseu,https://imdb.com/title/tt5764332/,2706
South Korea,2021..,"[""Comedy"", ""Drama"", ""Sport""]",4.2,Racket Boys,https://imdb.com/title/tt14482414/,27719
South Korea,2021..,"[""Drama"", ""Thriller""]",7.7,Undercover,https://imdb.com/title/tt13634530/,209
South Korea,2012..,"[""Drama""]",7.6,The Innocent Man,https://imdb.com/title/tt2593336/,2032
South Korea,2019..,"[""Drama"", ""History"", ""Romance""]",8.0,The Crowned Clown,https://imdb.com/title/tt9266592/,1128
South Korea,2020..,"[""Drama"", ""Fantasy"", ""Mystery""]",7.1,Aelliseu,https://imdb.com/title/tt12873628/,1205
South Korea,2020..2021,"[""Drama"", ""Romance""]",7.3,Live On,https://imdb.com/title/tt13273946/,361
South Korea,2017..2018,"[""Game-Show"", ""Reality-TV""]",7.2,Ultimate Beastmaster,https://imdb.com/title/tt5607970/,2535
South Korea,2015..,"[""Drama"", ""Mystery"", ""Romance""]",7.7,Who Are You: School 2015,https://imdb.com/title/tt5087824/,2212
South Korea,2010..,"[""Comedy"", ""Romance""]",7.1,Mischievous Kiss,https://imdb.com/title/tt2096097/,3722
South Korea,2019..,"[""Drama"", ""Mystery"", ""Romance""]",8.1,Doctor John,https://imdb.com/title/tt10544464/,1589
South Korea,2013..,"[""Comedy"", ""Fantasy"", ""Horror""]",8.1,The Master's Sun,https://imdb.com/title/tt3184674/,4968
South Korea,2018..2022,"[""Animation"", ""Adventure"", ""Comedy""]",6.7,Muppet Babies,https://imdb.com/title/tt6337766/,754
South Korea,2022..,"[""Action"", ""Drama""]",7.8,Military Prosecutor Do Bae Man,https://imdb.com/title/tt17346230/,839
South Korea,2015..2016,"[""Drama"", ""Romance""]",8.1,I Have a Lover,https://imdb.com/title/tt5125222/,148
South Korea,2019..2020,"[""Drama"", ""Romance""]",7.6,Chocolate,https://imdb.com/title/tt11214028/,1326
South Korea,2023..,"[""Drama"", ""Fantasy"", ""Romance""]",7.4,Kokdu: Season of Deity,https://imdb.com/title/tt25699926/,17
South Korea,2014..,"[""Action"", ""Crime"", ""Thriller""]",7.8,Bad Guys,https://imdb.com/title/tt3914520/,1676
South Korea,2022..,"[""Comedy"", ""Romance""]",6.7,Love is for Suckers,https://imdb.com/title/tt22523300/,253
South Korea,2020..,"[""Animation"", ""Comedy"", ""Fantasy""]",7.0,Bread Barbershop,https://imdb.com/title/tt12912830/,164
South Korea,2014..,"[""Comedy"", ""Romance""]",7.9,Fated to Love You,https://imdb.com/title/tt3865722/,2631
South Korea,2016..2017,"[""Comedy"", ""Drama"", ""Romance""]",8.3,Age of Youth,https://imdb.com/title/tt5858892/,2401
South Korea,2018..,"[""Drama"", ""Horror"", ""Mystery""]",8.1,Son: The Guest,https://imdb.com/title/tt8801670/,1795
South Korea,2021..,"[""Action"", ""Comedy"", ""Thriller""]",7.1,A Wonderful Sight,https://imdb.com/title/tt14731794/,795
South Korea,2022..,"[""Drama""]",7.5,Keoteunkol,https://imdb.com/title/tt23150904/,117
South Korea,2021..,"[""Drama"", ""Romance""]",8.0,"At A Distance, Spring Is Green",https://imdb.com/title/tt14518430/,799
South Korea,2019..,"[""Action"", ""Comedy"", ""Crime""]",7.6,Leverage,https://imdb.com/title/tt11018496/,134
South Korea,2017..,"[""Drama"", ""Mystery"", ""Romance""]",7.5,The Lady in Dignity,https://imdb.com/title/tt6898288/,257
South Korea,2017..2018,"[""Fantasy"", ""Romance""]",6.6,Black Knight,https://imdb.com/title/tt7608190/,455
South Korea,2018..,"[""Comedy"", ""Romance""]",7.4,Wok of Love,https://imdb.com/title/tt8236528/,1034
South Korea,2020..,"[""Fantasy"", ""Mystery"", ""Romance""]",7.4,Find Me in Your Memory,https://imdb.com/title/tt11885790/,928
South Korea,2020..,"[""Drama"", ""Romance""]",7.6,When My Love Blooms,https://imdb.com/title/tt12358696/,455
South Korea,2022..,"[""Animation"", ""Comedy"", ""Family""]",8.1,Brown and Friends,https://imdb.com/title/tt23897214/,48
South Korea,2016..,"[""Comedy"", ""Fantasy"", ""Romance""]",7.8,Another Miss Oh,https://imdb.com/title/tt5679572/,2018
South Korea,2015..2016,"[""Action"", ""Drama"", ""History""]",8.9,Yungnyong-i Nareusya,https://imdb.com/title/tt5079024/,1049
South Korea,2015..,"[""Comedy"", ""Drama"", ""Fantasy""]",8.0,Oh My Ghost,https://imdb.com/title/tt4799574/,4633
South Korea,2021..,"[""Comedy"", ""Drama"", ""Romance""]",7.9,Mad for Each Other,https://imdb.com/title/tt14596414/,2055
South Korea,2020..,"[""Crime"", ""Drama"", ""Mystery""]",8.0,Nobody Knows,https://imdb.com/title/tt11910134/,338
South Korea,2021..,"[""Drama"", ""Romance""]",6.8,Love,https://imdb.com/title/tt13814840/,523
South Korea,2014..,"[""Comedy"", ""Drama"", ""Romance""]",8.3,"It's Okay, That's Love",https://imdb.com/title/tt4031224/,4118
South Korea,2019..,"[""Drama"", ""Thriller""]",8.1,Designated Survivor: 60 Days,https://imdb.com/title/tt10405394/,1415
South Korea,2015..2016,"[""Drama"", ""Thriller""]",7.8,Remember: War of the Son,https://imdb.com/title/tt5260064/,1063
South Korea,2021..,"[""Drama"", ""Romance""]",7.4,Only One Person,https://imdb.com/title/tt14731978/,242
South Korea,2017..,"[""Comedy"", ""Drama"", ""Romance""]",7.1,Naesungjukin Boseu,https://imdb.com/title/tt6257622/,1804
South Korea,2017..,"[""Comedy"", ""Drama"", ""Family""]",8.2,Father Is Strange,https://imdb.com/title/tt6405196/,598
South Korea,2021..2023,"[""Comedy"", ""Drama""]",7.8,Soolkkundoshiyeojadeul,https://imdb.com/title/tt15548198/,358
South Korea,2020..,"[""Mystery"", ""Thriller""]",7.7,Tell Me What You Saw,https://imdb.com/title/tt11557904/,817
South Korea,2021..,"[""Drama"", ""Romance""]",7.3,Melancholia,https://imdb.com/title/tt15146242/,463
South Korea,2019..,"[""Crime"", ""Drama"", ""Thriller""]",7.7,Watcher,https://imdb.com/title/tt10405674/,461
South Korea,2012..,"[""Drama"", ""Fantasy"", ""History""]",8.0,Shinui,https://imdb.com/title/tt2373094/,2720
South Korea,2022..,"[""Comedy"", ""Crime"", ""Drama""]",7.6,Cleaning Up,https://imdb.com/title/tt20833440/,60
South Korea,2010..,"[""Adventure"", ""Drama"", ""History""]",8.1,Dong Yi,https://imdb.com/title/tt1666209/,1770
South Korea,2022..2023,"[""Drama"", ""Thriller""]",6.5,Momgap,https://imdb.com/title/tt23149640/,115
South Korea,2021..2022,"[""Action"", ""Comedy"", ""Drama""]",7.3,"When Flowers Bloom, I Think of the Moon",https://imdb.com/title/tt14609502/,258
South Korea,2022..,"[""Comedy"", ""Drama""]",7.2,Today's Webtoon,https://imdb.com/title/tt21222278/,423
South Korea,2021..,"[""Drama""]",8.3,Would You Like a Cup of Coffee?,https://imdb.com/title/tt15541246/,129
South Korea,2018..,"[""Crime"", ""Drama"", ""Thriller""]",7.4,Syucheu,https://imdb.com/title/tt8084058/,714
South Korea,2021..,"[""Drama""]",8.3,Lost,https://imdb.com/title/tt14609588/,350
South Korea,2022..,"[""Crime"", ""Drama"", ""Thriller""]",7.3,Doctor Lawyer,https://imdb.com/title/tt20854190/,408
South Korea,2010..,"[""Comedy"", ""Fantasy"", ""Romance""]",7.7,My Girlfriend Is a Gumiho,https://imdb.com/title/tt2255085/,3262
South Korea,2020..,"[""Comedy"", ""Fantasy"", ""Mystery""]",7.4,Zombie Detective,https://imdb.com/title/tt12937604/,873
South Korea,2021..,"[""Drama"", ""Romance"", ""Thriller""]",7.4,You Are My Spring,https://imdb.com/title/tt14169816/,703
South Korea,2020..,"[""Action"", ""Crime"", ""Sci-Fi""]",6.2,Rugal,https://imdb.com/title/tt11769798/,1043
South Korea,2023..,"[""Drama"", ""History"", ""Mystery""]",0.0,Our Blooming Youth,https://imdb.com/title/tt25900250/,0
South Korea,2021..,"[""Comedy"", ""Romance""]",7.2,Monthly Magazine Home,https://imdb.com/title/tt13885272/,341
South Korea,2021..,"[""Comedy"", ""Drama""]",7.0,So Not Worth It,https://imdb.com/title/tt13186480/,1208
South Korea,2017..2018,"[""Comedy"", ""Drama"", ""Romance""]",7.2,My Golden Life,https://imdb.com/title/tt7278550/,371
South Korea,2020..,"[""Short"", ""Horror"", ""Mystery""]",5.7,Goedam,https://imdb.com/title/tt12929796/,1086
South Korea,2017..,"[""Drama"", ""Fantasy"", ""Romance""]",7.4,Tomorrow with You,https://imdb.com/title/tt5994346/,1160
South Korea,2015..,"[""Comedy"", ""Romance""]",6.8,Warm and Cozy,https://imdb.com/title/tt4686292/,454
South Korea,2020..,"[""Comedy"", ""Drama"", ""Fantasy""]",6.4,The School Nurse Files,https://imdb.com/title/tt12879522/,1317
South Korea,2015..,"[""Action"", ""Fantasy"", ""History""]",7.2,The Scholar Who Walks the Night,https://imdb.com/title/tt4846958/,985
South Korea,2019..,"[""Comedy"", ""Romance""]",8.1,Melloga Chejil,https://imdb.com/title/tt10559276/,737
South Korea,2022..,"[""Romance""]",7.6,Roommates of Poongduck 304,https://imdb.com/title/tt22443976/,272
South Korea,2020..,"[""Comedy"", ""Drama"", ""Romance""]",7.4,Dinner Mate,https://imdb.com/title/tt12415644/,455
South Korea,2016..,"[""Comedy""]",8.2,The Sound of Your Heart,https://imdb.com/title/tt4613520/,1246
South Korea,2018..2019,"[""Comedy"", ""Drama""]",7.3,My Strange Hero,https://imdb.com/title/tt9165992/,982
South Korea,2013..,"[""Action"", ""Comedy"", ""Fantasy""]",8.0,Guga-ui Seo,https://imdb.com/title/tt2816734/,1834
South Korea,2014..,"[""Drama"", ""Music"", ""Romance""]",7.9,Secret Love Affair,https://imdb.com/title/tt5309758/,578
South Korea,2023..,"[""Romance""]",0.0,The Heavenly Idol,https://imdb.com/title/tt26228426/,0
South Korea,2019..,"[""Drama"", ""Mystery"", ""Thriller""]",7.7,Kill It,https://imdb.com/title/tt9772814/,964
South Korea,2022..,"[""Drama"", ""Romance""]",7.2,Dear. M,https://imdb.com/title/tt13760386/,316
South Korea,2020..,"[""Comedy"", ""Drama"", ""Romance""]",7.1,Was It Love,https://imdb.com/title/tt12525622/,957
South Korea,1990..1991,"[""Animation"", ""Adventure"", ""Family""]",7.2,Peter Pan and the Pirates,https://imdb.com/title/tt0098891/,675
South Korea,2023..,"[""Comedy"", ""Romance""]",0.0,Love to Hate You,https://imdb.com/title/tt26229508/,0
South Korea,2022..2023,"[""Comedy"", ""Drama"", ""Family""]",7.4,Red Balloon,https://imdb.com/title/tt25830366/,6
South Korea,2011..2022,"[""Animation"", ""Short"", ""Comedy""]",7.1,Larva,https://imdb.com/title/tt6966158/,682
South Korea,2017..,"[""Comedy"", ""Fantasy""]",7.6,The Best Hit,https://imdb.com/title/tt6889072/,796
South Korea,2019..,"[""Comedy"", ""Drama"", ""Fantasy""]",7.9,The Light in Your Eyes,https://imdb.com/title/tt9466968/,807
South Korea,2003..,"[""Action"", ""Drama"", ""Romance""]",7.8,All In,https://imdb.com/title/tt0431504/,390
South Korea,..,"[""Action"", ""Adventure"", ""Sci-Fi""]",0.0,Black Knight,https://imdb.com/title/tt17013106/,0
South Korea,2021..,"[""Action"", ""Fantasy"", ""Mystery""]",6.1,Dark Hole,https://imdb.com/title/tt13885376/,461
South Korea,2009..,"[""Biography"", ""Drama"", ""History""]",8.6,The Great Queen Seondeok,https://imdb.com/title/tt1547606/,1249
South Korea,2020..,"[""Comedy"", ""Drama"", ""Romance""]",8.4,Once Again,https://imdb.com/title/tt12182904/,400
South Korea,2018..,"[""Comedy"", ""Drama"", ""Romance""]",7.6,My Secret Terrius,https://imdb.com/title/tt8591092/,1341
South Korea,2020..,"[""Fantasy"", ""Mystery"", ""Thriller""]",8.0,Kairos,https://imdb.com/title/tt12874950/,694
South Korea,2013..,"[""Comedy"", ""Drama"", ""Romance""]",7.8,Reply 1994,https://imdb.com/title/tt3357586/,1454
South Korea,2021..,"[""Comedy"", ""Drama"", ""Romance""]",7.3,Police University,https://imdb.com/title/tt14518136/,750
South Korea,2023..,"[""Comedy"", ""Romance""]",0.0,When the Stars Gossip,https://imdb.com/title/tt26215550/,0
South Korea,2010..,"[""Comedy"", ""Drama"", ""Romance""]",7.8,Sungkyunkwan Scandal,https://imdb.com/title/tt2745682/,1681
South Korea,2018..,"[""Crime"", ""Drama"", ""Mystery""]",8.1,Life on Mars,https://imdb.com/title/tt8236544/,886
South Korea,2023..,"[""Action"", ""Drama"", ""History""]",0.0,Gyeongseong Creature,https://imdb.com/title/tt22352854/,0
South Korea,2013..,"[""Drama"", ""Romance""]",8.0,Secret Love,https://imdb.com/title/tt3215892/,1322
South Korea,2015..,"[""Action"", ""Crime"", ""Mystery""]",7.7,Hello Monster,https://imdb.com/title/tt4803738/,1571
South Korea,2009..,"[""Comedy"", ""Drama"", ""Music""]",7.7,You Are Beautiful,https://imdb.com/title/tt2074131/,4865
South Korea,2021..,"[""Horror"", ""Mystery"", ""Thriller""]",6.2,Hometown,https://imdb.com/title/tt14687370/,230
South Korea,2020..,"[""Comedy"", ""Romance""]",7.3,A Piece of Your Mind,https://imdb.com/title/tt11505790/,825
South Korea,2020..,"[""Reality-TV""]",9.5,In the SOOP BTS Ver.,https://imdb.com/title/tt13191804/,2091
South Korea,2018..,"[""Drama"", ""Mystery"", ""Romance""]",8.0,Misty,https://imdb.com/title/tt7890244/,723
South Korea,2020..,"[""Fantasy"", ""Mystery"", ""Romance""]",6.8,Born Again,https://imdb.com/title/tt12015636/,320
South Korea,2022..,"[""Comedy"", ""Drama"", ""Romance""]",8.6,Three Bold Siblings,https://imdb.com/title/tt23805334/,10
South Korea,2018..,"[""Comedy"", ""Crime"", ""Drama""]",8.3,Live,https://imdb.com/title/tt7976532/,1387
South Korea,2020..,"[""Fantasy"", ""Mystery"", ""Sci-Fi""]",7.9,Train,https://imdb.com/title/tt11827694/,953
South Korea,2015..,"[""Drama"", ""Romance""]",6.7,High Society,https://imdb.com/title/tt4768948/,519
South Korea,2010..2011,"[""Comedy"", ""Family"", ""Romance""]",8.6,Smile Again,https://imdb.com/title/tt6141742/,58
South Korea,2020..,"[""Crime"", ""Drama"", ""Romance""]",6.5,Private Lives,https://imdb.com/title/tt12560270/,682
South Korea,2016..,"[""Comedy"", ""Drama""]",5.5,Entourage,https://imdb.com/title/tt5849698/,160
South Korea,2016..,"[""Comedy"", ""Romance""]",7.8,Don't Dare to Dream,https://imdb.com/title/tt5936884/,1562
South Korea,2019..,"[""Comedy"", ""Crime"", ""Drama""]",6.7,Bing-ui,https://imdb.com/title/tt9537306/,864
South Korea,2017..,"[""Action"", ""Drama"", ""Thriller""]",7.4,Man to Man,https://imdb.com/title/tt6032762/,1364
South Korea,2022..,"[""Action"", ""Drama"", ""Thriller""]",7.4,Insider,https://imdb.com/title/tt14731504/,262
South Korea,2017..,"[""Comedy"", ""Romance""]",6.9,Yeopgijeogin Geunyeo,https://imdb.com/title/tt6175760/,699
South Korea,2018..,"[""Action"", ""Drama"", ""Fantasy""]",7.6,Sketch,https://imdb.com/title/tt8269322/,207
South Korea,2012..,"[""Comedy"", ""Romance""]",7.2,To the Beautiful You,https://imdb.com/title/tt2191746/,1993
South Korea,2006..,"[""Biography"", ""Drama"", ""History""]",8.1,Jumong,https://imdb.com/title/tt0978061/,3331
South Korea,2015..,"[""Comedy"", ""Drama"", ""Fantasy""]",7.2,The Girl Who Sees Smells,https://imdb.com/title/tt4583316/,1259
South Korea,2017..,"[""Crime"", ""Drama"", ""Fantasy""]",7.9,Black,https://imdb.com/title/tt7298976/,4218
South Korea,2008..,"[""Action"", ""Romance""]",8.0,Iljimae,https://imdb.com/title/tt1622764/,1042
South Korea,2012..2013,"[""Comedy"", ""Drama"", ""Romance""]",7.9,Reply 1997,https://imdb.com/title/tt2782216/,2221
South Korea,2017..,"[""Action"", ""Drama"", ""History""]",8.1,The Rebel Hong Gil Dong,https://imdb.com/title/tt6256694/,381
South Korea,2017..,"[""Drama"", ""Fantasy"", ""Romance""]",8.3,Chicago Typewriter,https://imdb.com/title/tt6516076/,1875
South Korea,2019..,"[""Drama"", ""Romance""]",7.5,Moment at Eighteen,https://imdb.com/title/tt10474124/,502
South Korea,2012..,"[""Comedy"", ""Fantasy"", ""Romance""]",7.7,Rooftop Prince,https://imdb.com/title/tt2401162/,2727
South Korea,2020..,"[""Comedy"", ""Fantasy"", ""Romance""]",7.1,Welcome,https://imdb.com/title/tt11968312/,507
South Korea,2019..,"[""Drama"", ""Mystery"", ""Thriller""]",7.0,The Lies Within,https://imdb.com/title/tt10919902/,438
South Korea,2014..,"[""Drama"", ""Romance""]",7.0,Hotel King,https://imdb.com/title/tt3737080/,447
South Korea,2019..2020,"[""Drama"", ""Fantasy"", ""Romance""]",7.5,Queen: Love and War,https://imdb.com/title/tt11377864/,182
South Korea,2022..,"[""Action"", ""Comedy"", ""Crime""]",7.4,Bad Prosecutor,https://imdb.com/title/tt22353836/,356
South Korea,2015..,"[""Comedy"", ""Drama"", ""Romance""]",7.3,Peurodyusa,https://imdb.com/title/tt4612922/,1481
South Korea,2020..,"[""Drama"", ""Romance""]",6.7,More Than Friends,https://imdb.com/title/tt12879170/,505
South Korea,2017..,"[""Drama"", ""Romance""]",7.7,Seven Day Queen,https://imdb.com/title/tt6788748/,580
South Korea,2022..,"[""Action"", ""Drama"", ""Romance""]",7.3,Ultimate Weapon Alice,https://imdb.com/title/tt21031538/,86
South Korea,2019..,"[""Comedy"", ""Drama"", ""Mystery""]",7.4,Catch the Ghost,https://imdb.com/title/tt10712926/,429
South Korea,2022..,"[""Comedy"", ""Fantasy"", ""Romance""]",7.4,"From Now On, Showtime!",https://imdb.com/title/tt19848464/,435
South Korea,2017..,"[""Crime"", ""Drama"", ""Thriller""]",7.7,Mad Dog,https://imdb.com/title/tt7396412/,777
South Korea,2013..,"[""Drama"", ""History"", ""Romance""]",7.6,"Jang Ok-jung, Living by Love",https://imdb.com/title/tt3143308/,256
South Korea,2021..,"[""Comedy"", ""Drama"", ""Fantasy""]",7.3,"Hello, Me!",https://imdb.com/title/tt13670090/,675
South Korea,2018..,"[""Drama"", ""Thriller""]",7.5,Life,https://imdb.com/title/tt8243158/,784
South Korea,2018..,"[""Comedy"", ""Romance""]",7.1,Top Management,https://imdb.com/title/tt9284162/,183
South Korea,2002..2003,"[""Action"", ""Adventure"", ""Drama""]",7.9,Kamen Rider Ryuki,https://imdb.com/title/tt0419343/,644
South Korea,2020..,"[""Drama"", ""Romance""]",7.0,When I Was the Most Beautiful,https://imdb.com/title/tt12868038/,117
South Korea,2020..,"[""Drama"", ""Romance""]",7.7,Hyena,https://imdb.com/title/tt11534164/,898
South Korea,2015..,"[""Comedy"", ""Drama"", ""Romance""]",7.0,"Hyde, Jekyll, Me",https://imdb.com/title/tt4357294/,1260
South Korea,2018..,"[""Comedy"", ""Romance""]",6.7,Handsome Guy and Jung-Eum,https://imdb.com/title/tt8359446/,352
South Korea,2017..,"[""Drama"", ""History"", ""Romance""]",7.3,The Emperor: Owner of the Mask,https://imdb.com/title/tt6201920/,657
South Korea,2023..,"[""Drama""]",7.4,Agency,https://imdb.com/title/tt26253514/,9
South Korea,2019..,"[""Drama"", ""Mystery"", ""Romance""]",7.5,VIP,https://imdb.com/title/tt11018750/,383
South Korea,2021..,"[""Fantasy"", ""Mystery""]",7.1,Excellent Shaman Ga Doo Shim,https://imdb.com/title/tt15021430/,332
South Korea,2019..,"[""Comedy"", ""History"", ""Romance""]",6.9,Flower Crew: Joseon Marriage Agency,https://imdb.com/title/tt10614024/,262
South Korea,2015..,"[""Drama"", ""Romance""]",7.5,Yong Pal,https://imdb.com/title/tt5010664/,905
South Korea,2022..,"[""Game-Show""]",8.6,Youth MT,https://imdb.com/title/tt21990076/,177
South Korea,2003..,"[""Romance""]",7.8,Stairway to Heaven,https://imdb.com/title/tt0457542/,730
South Korea,2012..,"[""Action"", ""Drama"", ""Romance""]",7.6,The King 2 Hearts,https://imdb.com/title/tt2346947/,1400
South Korea,2021..,"[""Comedy"", ""Romance""]",5.9,Oh My Ladylord,https://imdb.com/title/tt13715346/,230
South Korea,2016..,"[""Animation"", ""Adventure"", ""Comedy""]",8.4,The Haunted House,https://imdb.com/title/tt9518312/,100
South Korea,2020..,"[""Crime"", ""Drama"", ""Fantasy""]",7.9,365: Repeat the Year,https://imdb.com/title/tt12015466/,716
South Korea,2019..,"[""Drama""]",7.9,Chief of Staff,https://imdb.com/title/tt10220476/,614
South Korea,2022..,"[""Reality-TV""]",7.4,Korea No.1,https://imdb.com/title/tt23061586/,119
South Korea,2019..2020,"[""Comedy"", ""Romance""]",7.2,Love with Flaws,https://imdb.com/title/tt11227980/,465
South Korea,2020..,"[""Comedy"", ""Drama"", ""Mystery""]",7.4,"Cheat on Me, If You Can",https://imdb.com/title/tt13092070/,221
South Korea,2021..,"[""Comedy"", ""Romance""]",7.0,Adult Trainee,https://imdb.com/title/tt16383322/,293
South Korea,2020..2022,"[""Drama"", ""Romance""]",7.0,Color Rush,https://imdb.com/title/tt13743822/,1120
South Korea,2013..,"[""Comedy"", ""Romance""]",7.1,Flower Boy Next Door,https://imdb.com/title/tt2748124/,1746
South Korea,2023..,"[""Drama"", ""Fantasy"", ""Romance""]",0.0,A Time Called You,https://imdb.com/title/tt21627438/,0
South Korea,2017..2018,"[""Comedy"", ""Fantasy"", ""Romance""]",7.1,Two Cops,https://imdb.com/title/tt7525432/,443
South Korea,2017..,"[""Drama""]",7.0,You're Too Much,https://imdb.com/title/tt6405172/,22
South Korea,2014..2015,"[""Comedy"", ""Drama"", ""Romance""]",7.9,What's with This Family,https://imdb.com/title/tt4412686/,368
South Korea,2004..2008,"[""Animation"", ""Family""]",4.8,Higglytown Heroes,https://imdb.com/title/tt0406419/,591
South Korea,2003..2004,"[""Biography"", ""Drama"", ""History""]",8.5,The Great Jang-Geum,https://imdb.com/title/tt0409546/,3879
South Korea,2006..,"[""Comedy"", ""Romance""]",7.6,Goong,https://imdb.com/title/tt0843195/,2745
South Korea,2021..,"[""Comedy"", ""Drama"", ""Romance""]",7.2,One the Woman,https://imdb.com/title/tt15007114/,499
South Korea,2022..,"[""Comedy"", ""Romance""]",7.0,Good Job,https://imdb.com/title/tt22247864/,205
South Korea,2017..2018,"[""Drama"", ""Romance""]",6.7,Nothing to Lose,https://imdb.com/title/tt7608128/,134
South Korea,2016..,"[""Adventure"", ""Drama"", ""Fantasy""]",7.1,Mirror of the Witch,https://imdb.com/title/tt5646548/,450
South Korea,2018..,"[""Crime"", ""Drama"", ""Mystery""]",7.8,Come and Hug Me,https://imdb.com/title/tt8269398/,1199
South Korea,2012..2013,"[""Animation"", ""Action"", ""Adventure""]",6.2,Smile PreCure!,https://imdb.com/title/tt2230557/,422
South Korea,2017..,"[""Comedy"", ""Romance""]",6.9,Byeonhyeokui Sarang,https://imdb.com/title/tt7340800/,755
South Korea,2021..,"[""Action"", ""Fantasy"", ""Sci-Fi""]",6.6,L.U.C.A.: The Beginning,https://imdb.com/title/tt13752928/,460
South Korea,2002..,"[""Romance""]",8.0,Winter Sonata,https://imdb.com/title/tt0395057/,1170
South Korea,2011..,"[""Action""]",7.9,Warrior Baek Dong Soo,https://imdb.com/title/tt3052852/,544
South Korea,2022..,"[""Comedy"", ""Drama"", ""Romance""]",7.5,Cheongchun Beullasseom,https://imdb.com/title/tt23902344/,46
South Korea,2009..,"[""Comedy"", ""Drama"", ""Romance""]",7.6,Shining Inheritance,https://imdb.com/title/tt2283335/,916
South Korea,2018..,"[""Animation"", ""Action"", ""Adventure""]",7.4,Tobot,https://imdb.com/title/tt7936336/,47
South Korea,2016..,"[""Comedy"", ""Crime"", ""Drama""]",7.3,Beautiful Gong Shim,https://imdb.com/title/tt5705896/,997
South Korea,2021..2022,"[""Drama"", ""Romance""]",7.7,User Not Found,https://imdb.com/title/tt16403560/,90
South Korea,2011..,"[""Animation"", ""Action"", ""Adventure""]",5.5,RedaKai,https://imdb.com/title/tt2021833/,272
South Korea,2015..,"[""Fantasy"", ""Romance""]",6.3,Orange Marmalade,https://imdb.com/title/tt4612952/,614
South Korea,2022..,"[""Comedy"", ""Fantasy"", ""Mystery""]",6.4,Jinxed at First,https://imdb.com/title/tt21081006/,236
South Korea,2008..,"[""Drama"", ""Romance""]",7.6,The World That They Live In,https://imdb.com/title/tt3246872/,258
South Korea,2019..,"[""Drama"", ""Mystery""]",8.1,Beautiful World,https://imdb.com/title/tt9863724/,161
South Korea,2014..2015,"[""Drama"", ""Romance""]",8.1,Rosy Lovers,https://imdb.com/title/tt5204274/,54
South Korea,2015..,"[""Animation"", ""Adventure"", ""Family""]",6.0,Super Wings!,https://imdb.com/title/tt3600266/,347
South Korea,2020..,"[""Mystery"", ""Thriller""]",7.1,Search,https://imdb.com/title/tt12923294/,472
South Korea,2020..,"[""Comedy"", ""Fantasy"", ""Romance""]",6.4,To All the Guys Who Loved Me,https://imdb.com/title/tt12504168/,254
South Korea,2016..,"[""Comedy"", ""Romance""]",7.5,Shopping King Louie,https://imdb.com/title/tt5994306/,1368
South Korea,2016..,"[""Animation"", ""Action"", ""Adventure""]",6.7,Beyblade Burst,https://imdb.com/title/tt6348126/,637
South Korea,2022..,"[""Comedy"", ""Romance""]",5.2,Woori the Virgin,https://imdb.com/title/tt20227130/,237
South Korea,2016..2020,"[""Animation"", ""Short"", ""Adventure""]",6.7,Rainbow Ruby,https://imdb.com/title/tt5828144/,89
South Korea,2021..,"[""Mystery"", ""Thriller""]",7.4,Chimera,https://imdb.com/title/tt15616218/,377
South Korea,2019..2020,"[""Comedy"", ""Drama"", ""Romance""]",8.2,Never twice,https://imdb.com/title/tt11180882/,81
South Korea,2021..,"[""Drama"", ""Thriller""]",6.7,Reflection of You,https://imdb.com/title/tt14684086/,309
South Korea,2021..,"[""History"", ""Romance""]",7.6,River Where the Moon Rises,https://imdb.com/title/tt13634686/,463
South Korea,2020..,"[""Drama""]",7.6,My Unfamiliar Family,https://imdb.com/title/tt12458252/,189
South Korea,2018..2019,"[""Short"", ""Comedy"", ""Drama""]",7.6,A-TEEN,https://imdb.com/title/tt9861132/,234
South Korea,2012..,"[""Comedy"", ""Drama"", ""Romance""]",8.0,A Gentleman's Dignity,https://imdb.com/title/tt2362760/,1409
South Korea,2018..,"[""Fantasy""]",6.9,About Time,https://imdb.com/title/tt8083832/,651
South Korea,2022..,"[""Game-Show"", ""Reality-TV""]",6.8,The Zone: Survival Mission,https://imdb.com/title/tt21875418/,158
South Korea,2006..2007,"[""Biography"", ""Drama"", ""History""]",8.3,Dae Jo Yeong,https://imdb.com/title/tt2819282/,172
South Korea,2008..2015,"[""Animation"", ""Comedy"", ""Family""]",4.4,Stitch!,https://imdb.com/title/tt1282011/,310
South Korea,2017..,"[""Comedy"", ""Fantasy"", ""Romance""]",7.0,My Only Love Song,https://imdb.com/title/tt6125832/,716
South Korea,2018..,"[""Short"", ""Comedy"", ""Drama""]",8.1,W.H.Y.: What Happened to Your Relationship,https://imdb.com/title/tt12813290/,44
South Korea,2022..,"[""Crime"", ""Mystery"", ""Thriller""]",6.9,Rose Mansion,https://imdb.com/title/tt21603486/,31
South Korea,2018..,"[""Game-Show"", ""Talk-Show""]",7.3,Idol Room,https://imdb.com/title/tt8408820/,88
South Korea,2006..2012,"[""Comedy"", ""Drama"", ""Romance""]",8.4,High Kick!,https://imdb.com/title/tt2309828/,433
South Korea,2017..2018,"[""Reality-TV""]",8.8,Youn's Kitchen,https://imdb.com/title/tt7043460/,125
South Korea,2020..,"[""Comedy"", ""Game-Show"", ""Mystery""]",8.5,Sixth Sense,https://imdb.com/title/tt13427612/,142
South Korea,2015..,"[""Game-Show""]",9.6,Run BTS!,https://imdb.com/title/tt7865962/,2125
South Korea,2017..,"[""Crime"", ""Drama"", ""Mystery""]",7.4,Witch's Court,https://imdb.com/title/tt7428488/,463
South Korea,2022..,"[""Comedy"", ""Drama""]",8.1,Never Give Up,https://imdb.com/title/tt21431154/,74
South Korea,2016..,"[""Comedy"", ""Crime"", ""Drama""]",7.7,Squad 38,https://imdb.com/title/tt5536856/,462
